
START TRANSACTION;

INSERT INTO Country (CountryId, x1, x2, y1, y2, ISO2, Name) VALUES (1, 12.18794184, 31.306, -13.45599996, 5.386098154, 'CD', 'Congo, RD');
INSERT INTO Country (CountryId, x1, x2, y1, y2, ISO2, Name) VALUES (249, -180, 180, -90, 180, 'AF', 'Afghanistan');
INSERT INTO Country (CountryId, x1, x2, y1, y2, ISO2, Name) VALUES (250, -180, 180, -90, 180, 'AX', 'Åland Islands');
INSERT INTO Country (CountryId, x1, x2, y1, y2, ISO2, Name) VALUES (251, -180, 180, -90, 180, 'AL', 'Albania');
INSERT INTO Country (CountryId, x1, x2, y1, y2, ISO2, Name) VALUES (252, -180, 180, -90, 180, 'DZ', 'Algeria');
INSERT INTO Country (CountryId, x1, x2, y1, y2, ISO2, Name) VALUES (253, -180, 180, -90, 180, 'AS', 'American Samoa');
INSERT INTO Country (CountryId, x1, x2, y1, y2, ISO2, Name) VALUES (254, -180, 180, -90, 180, 'AD', 'Andorra');
INSERT INTO Country (CountryId, x1, x2, y1, y2, ISO2, Name) VALUES (255, -180, 180, -90, 180, 'AO', 'Angola');
INSERT INTO Country (CountryId, x1, x2, y1, y2, ISO2, Name) VALUES (256, -180, 180, -90, 180, 'AI', 'Anguilla');
INSERT INTO Country (CountryId, x1, x2, y1, y2, ISO2, Name) VALUES (257, -180, 180, -90, 180, 'AQ', 'Antarctica');
INSERT INTO Country (CountryId, x1, x2, y1, y2, ISO2, Name) VALUES (258, -180, 180, -90, 180, 'AG', 'Antigua and Barbuda');
INSERT INTO Country (CountryId, x1, x2, y1, y2, ISO2, Name) VALUES (259, -180, 180, -90, 180, 'AR', 'Argentina');
INSERT INTO Country (CountryId, x1, x2, y1, y2, ISO2, Name) VALUES (260, -180, 180, -90, 180, 'AM', 'Armenia');
INSERT INTO Country (CountryId, x1, x2, y1, y2, ISO2, Name) VALUES (261, -180, 180, -90, 180, 'AW', 'Aruba');
INSERT INTO Country (CountryId, x1, x2, y1, y2, ISO2, Name) VALUES (262, -180, 180, -90, 180, 'AU', 'Australia');
INSERT INTO Country (CountryId, x1, x2, y1, y2, ISO2, Name) VALUES (263, -180, 180, -90, 180, 'AT', 'Austria');
INSERT INTO Country (CountryId, x1, x2, y1, y2, ISO2, Name) VALUES (264, -180, 180, -90, 180, 'AZ', 'Azerbaijan');
INSERT INTO Country (CountryId, x1, x2, y1, y2, ISO2, Name) VALUES (265, -180, 180, -90, 180, 'BS', 'Bahamas');
INSERT INTO Country (CountryId, x1, x2, y1, y2, ISO2, Name) VALUES (266, -180, 180, -90, 180, 'BH', 'Bahrain');
INSERT INTO Country (CountryId, x1, x2, y1, y2, ISO2, Name) VALUES (267, -180, 180, -90, 180, 'BD', 'Bangladesh');
INSERT INTO Country (CountryId, x1, x2, y1, y2, ISO2, Name) VALUES (268, -180, 180, -90, 180, 'BB', 'Barbados');
INSERT INTO Country (CountryId, x1, x2, y1, y2, ISO2, Name) VALUES (269, -180, 180, -90, 180, 'BY', 'Belarus');
INSERT INTO Country (CountryId, x1, x2, y1, y2, ISO2, Name) VALUES (270, -180, 180, -90, 180, 'BE', 'Belgium');
INSERT INTO Country (CountryId, x1, x2, y1, y2, ISO2, Name) VALUES (271, -180, 180, -90, 180, 'BZ', 'Belize');
INSERT INTO Country (CountryId, x1, x2, y1, y2, ISO2, Name) VALUES (272, -180, 180, -90, 180, 'BJ', 'Benin');
INSERT INTO Country (CountryId, x1, x2, y1, y2, ISO2, Name) VALUES (273, -180, 180, -90, 180, 'BM', 'Bermuda');
INSERT INTO Country (CountryId, x1, x2, y1, y2, ISO2, Name) VALUES (274, -180, 180, -90, 180, 'BT', 'Bhutan');
INSERT INTO Country (CountryId, x1, x2, y1, y2, ISO2, Name) VALUES (275, -180, 180, -90, 180, 'BO', 'Bolivia');
INSERT INTO Country (CountryId, x1, x2, y1, y2, ISO2, Name) VALUES (276, -180, 180, -90, 180, 'BA', 'Bosnia And Herzegovina');
INSERT INTO Country (CountryId, x1, x2, y1, y2, ISO2, Name) VALUES (277, -180, 180, -90, 180, 'BW', 'Botswana');
INSERT INTO Country (CountryId, x1, x2, y1, y2, ISO2, Name) VALUES (278, -180, 180, -90, 180, 'BV', 'Bouvet Island');
INSERT INTO Country (CountryId, x1, x2, y1, y2, ISO2, Name) VALUES (279, -180, 180, -90, 180, 'BR', 'Brazil');
INSERT INTO Country (CountryId, x1, x2, y1, y2, ISO2, Name) VALUES (280, -180, 180, -90, 180, 'IO', 'British Indian Ocean Territory');
INSERT INTO Country (CountryId, x1, x2, y1, y2, ISO2, Name) VALUES (281, -180, 180, -90, 180, 'B', 'Brunei Darussalam');
INSERT INTO Country (CountryId, x1, x2, y1, y2, ISO2, Name) VALUES (282, -180, 180, -90, 180, 'BG', 'Bulgaria');
INSERT INTO Country (CountryId, x1, x2, y1, y2, ISO2, Name) VALUES (283, -180, 180, -90, 180, 'BF', 'Burkina Faso');
INSERT INTO Country (CountryId, x1, x2, y1, y2, ISO2, Name) VALUES (284, -180, 180, -90, 180, 'BI', 'Burundi');
INSERT INTO Country (CountryId, x1, x2, y1, y2, ISO2, Name) VALUES (285, -180, 180, -90, 180, 'KH', 'Cambodia');
INSERT INTO Country (CountryId, x1, x2, y1, y2, ISO2, Name) VALUES (286, -180, 180, -90, 180, 'CM', 'Cameroon');
INSERT INTO Country (CountryId, x1, x2, y1, y2, ISO2, Name) VALUES (287, -180, 180, -90, 180, 'CA', 'Canada');
INSERT INTO Country (CountryId, x1, x2, y1, y2, ISO2, Name) VALUES (288, -180, 180, -90, 180, 'CV', 'Cape Verde');
INSERT INTO Country (CountryId, x1, x2, y1, y2, ISO2, Name) VALUES (289, -180, 180, -90, 180, 'KY', 'Cayman Islands');
INSERT INTO Country (CountryId, x1, x2, y1, y2, ISO2, Name) VALUES (290, -180, 180, -90, 180, 'CF', 'Central African Republic');
INSERT INTO Country (CountryId, x1, x2, y1, y2, ISO2, Name) VALUES (291, -180, 180, -90, 180, 'TD', 'Chad');
INSERT INTO Country (CountryId, x1, x2, y1, y2, ISO2, Name) VALUES (292, -180, 180, -90, 180, 'CL', 'Chile');
INSERT INTO Country (CountryId, x1, x2, y1, y2, ISO2, Name) VALUES (293, -180, 180, -90, 180, 'C', 'China');
INSERT INTO Country (CountryId, x1, x2, y1, y2, ISO2, Name) VALUES (294, -180, 180, -90, 180, 'CX', 'Christmas Island');
INSERT INTO Country (CountryId, x1, x2, y1, y2, ISO2, Name) VALUES (295, -180, 180, -90, 180, 'CC', 'Cocos (Keeling) Islands');
INSERT INTO Country (CountryId, x1, x2, y1, y2, ISO2, Name) VALUES (296, -180, 180, -90, 180, 'CO', 'Colombia');
INSERT INTO Country (CountryId, x1, x2, y1, y2, ISO2, Name) VALUES (297, -180, 180, -90, 180, 'KM', 'Comoros');
INSERT INTO Country (CountryId, x1, x2, y1, y2, ISO2, Name) VALUES (298, -180, 180, -90, 180, 'CG', 'Congo');
INSERT INTO Country (CountryId, x1, x2, y1, y2, ISO2, Name) VALUES (300, -180, 180, -90, 180, 'CK', 'Cook Islands');
INSERT INTO Country (CountryId, x1, x2, y1, y2, ISO2, Name) VALUES (301, -180, 180, -90, 180, 'CR', 'Costa Rica');
INSERT INTO Country (CountryId, x1, x2, y1, y2, ISO2, Name) VALUES (302, -180, 180, -90, 180, 'CI', 'Côte D''Ivoire');
INSERT INTO Country (CountryId, x1, x2, y1, y2, ISO2, Name) VALUES (303, -180, 180, -90, 180, 'HR', 'Croatia');
INSERT INTO Country (CountryId, x1, x2, y1, y2, ISO2, Name) VALUES (304, -180, 180, -90, 180, 'CU', 'Cuba');
INSERT INTO Country (CountryId, x1, x2, y1, y2, ISO2, Name) VALUES (305, -180, 180, -90, 180, 'CY', 'Cyprus');
INSERT INTO Country (CountryId, x1, x2, y1, y2, ISO2, Name) VALUES (306, -180, 180, -90, 180, 'CZ', 'Czech Republic');
INSERT INTO Country (CountryId, x1, x2, y1, y2, ISO2, Name) VALUES (307, -180, 180, -90, 180, 'DK', 'Denmark');
INSERT INTO Country (CountryId, x1, x2, y1, y2, ISO2, Name) VALUES (308, -180, 180, -90, 180, 'DJ', 'Djibouti');
INSERT INTO Country (CountryId, x1, x2, y1, y2, ISO2, Name) VALUES (309, -180, 180, -90, 180, 'DM', 'Dominica');
INSERT INTO Country (CountryId, x1, x2, y1, y2, ISO2, Name) VALUES (310, -180, 180, -90, 180, 'DO', 'Dominican Republic');
INSERT INTO Country (CountryId, x1, x2, y1, y2, ISO2, Name) VALUES (311, -180, 180, -90, 180, 'EC', 'Ecuador');
INSERT INTO Country (CountryId, x1, x2, y1, y2, ISO2, Name) VALUES (312, -180, 180, -90, 180, 'EG', 'Egypt');
INSERT INTO Country (CountryId, x1, x2, y1, y2, ISO2, Name) VALUES (313, -180, 180, -90, 180, 'SV', 'El Salvador');
INSERT INTO Country (CountryId, x1, x2, y1, y2, ISO2, Name) VALUES (314, -180, 180, -90, 180, 'GQ', 'Equatorial Guinea');
INSERT INTO Country (CountryId, x1, x2, y1, y2, ISO2, Name) VALUES (315, -180, 180, -90, 180, 'ER', 'Eritrea');
INSERT INTO Country (CountryId, x1, x2, y1, y2, ISO2, Name) VALUES (316, -180, 180, -90, 180, 'EE', 'Estonia');
INSERT INTO Country (CountryId, x1, x2, y1, y2, ISO2, Name) VALUES (317, -180, 180, -90, 180, 'ET', 'Ethiopia');
INSERT INTO Country (CountryId, x1, x2, y1, y2, ISO2, Name) VALUES (318, -180, 180, -90, 180, 'FK', 'Falkland Islands (Malvinas)');
INSERT INTO Country (CountryId, x1, x2, y1, y2, ISO2, Name) VALUES (319, -180, 180, -90, 180, 'FO', 'Faroe Islands');
INSERT INTO Country (CountryId, x1, x2, y1, y2, ISO2, Name) VALUES (320, -180, 180, -90, 180, 'FJ', 'Fiji');
INSERT INTO Country (CountryId, x1, x2, y1, y2, ISO2, Name) VALUES (321, -180, 180, -90, 180, 'FI', 'Finland');
INSERT INTO Country (CountryId, x1, x2, y1, y2, ISO2, Name) VALUES (322, -180, 180, -90, 180, 'FR', 'France');
INSERT INTO Country (CountryId, x1, x2, y1, y2, ISO2, Name) VALUES (323, -180, 180, -90, 180, 'GF', 'French Guiana');
INSERT INTO Country (CountryId, x1, x2, y1, y2, ISO2, Name) VALUES (324, -180, 180, -90, 180, 'PF', 'French Polynesia');
INSERT INTO Country (CountryId, x1, x2, y1, y2, ISO2, Name) VALUES (325, -180, 180, -90, 180, 'TF', 'French Southern Territories');
INSERT INTO Country (CountryId, x1, x2, y1, y2, ISO2, Name) VALUES (326, -180, 180, -90, 180, 'GA', 'Gabo');
INSERT INTO Country (CountryId, x1, x2, y1, y2, ISO2, Name) VALUES (327, -180, 180, -90, 180, 'GM', 'Gambia');
INSERT INTO Country (CountryId, x1, x2, y1, y2, ISO2, Name) VALUES (328, -180, 180, -90, 180, 'GE', 'Georgia');
INSERT INTO Country (CountryId, x1, x2, y1, y2, ISO2, Name) VALUES (329, -180, 180, -90, 180, 'DE', 'Germany');
INSERT INTO Country (CountryId, x1, x2, y1, y2, ISO2, Name) VALUES (330, -180, 180, -90, 180, 'GH', 'Ghana');
INSERT INTO Country (CountryId, x1, x2, y1, y2, ISO2, Name) VALUES (331, -180, 180, -90, 180, 'GI', 'Gibraltar');
INSERT INTO Country (CountryId, x1, x2, y1, y2, ISO2, Name) VALUES (332, -180, 180, -90, 180, 'GR', 'Greece');
INSERT INTO Country (CountryId, x1, x2, y1, y2, ISO2, Name) VALUES (333, -180, 180, -90, 180, 'GL', 'Greenland');
INSERT INTO Country (CountryId, x1, x2, y1, y2, ISO2, Name) VALUES (334, -180, 180, -90, 180, 'GD', 'Grenada');
INSERT INTO Country (CountryId, x1, x2, y1, y2, ISO2, Name) VALUES (335, -180, 180, -90, 180, 'GP', 'Guadeloupe');
INSERT INTO Country (CountryId, x1, x2, y1, y2, ISO2, Name) VALUES (336, -180, 180, -90, 180, 'GU', 'Guam');
INSERT INTO Country (CountryId, x1, x2, y1, y2, ISO2, Name) VALUES (337, -180, 180, -90, 180, 'GT', 'Guatemala');
INSERT INTO Country (CountryId, x1, x2, y1, y2, ISO2, Name) VALUES (338, -180, 180, -90, 180, 'GG', 'Guernsey');
INSERT INTO Country (CountryId, x1, x2, y1, y2, ISO2, Name) VALUES (339, -180, 180, -90, 180, 'G', 'Guinea');
INSERT INTO Country (CountryId, x1, x2, y1, y2, ISO2, Name) VALUES (340, -180, 180, -90, 180, 'GW', 'Guinea-Bissau');
INSERT INTO Country (CountryId, x1, x2, y1, y2, ISO2, Name) VALUES (341, -180, 180, -90, 180, 'GY', 'Guyana');
INSERT INTO Country (CountryId, x1, x2, y1, y2, ISO2, Name) VALUES (342, -180, 180, -90, 180, 'HT', 'Haiti');
INSERT INTO Country (CountryId, x1, x2, y1, y2, ISO2, Name) VALUES (343, -180, 180, -90, 180, 'HM', 'Heard Island and Mcdonald Islands');
INSERT INTO Country (CountryId, x1, x2, y1, y2, ISO2, Name) VALUES (344, -180, 180, -90, 180, 'VA', 'Vatican City');
INSERT INTO Country (CountryId, x1, x2, y1, y2, ISO2, Name) VALUES (345, -180, 180, -90, 180, 'H', 'Honduras');
INSERT INTO Country (CountryId, x1, x2, y1, y2, ISO2, Name) VALUES (346, -180, 180, -90, 180, 'HK', 'Hong Kong');
INSERT INTO Country (CountryId, x1, x2, y1, y2, ISO2, Name) VALUES (347, -180, 180, -90, 180, 'HU', 'Hungary');
INSERT INTO Country (CountryId, x1, x2, y1, y2, ISO2, Name) VALUES (348, -180, 180, -90, 180, 'IS', 'Iceland');
INSERT INTO Country (CountryId, x1, x2, y1, y2, ISO2, Name) VALUES (349, -180, 180, -90, 180, 'I', 'India');
INSERT INTO Country (CountryId, x1, x2, y1, y2, ISO2, Name) VALUES (350, -180, 180, -90, 180, 'ID', 'Indonesia');
INSERT INTO Country (CountryId, x1, x2, y1, y2, ISO2, Name) VALUES (351, -180, 180, -90, 180, 'IR', 'Iran');
INSERT INTO Country (CountryId, x1, x2, y1, y2, ISO2, Name) VALUES (352, -180, 180, -90, 180, 'IQ', 'Iraq');
INSERT INTO Country (CountryId, x1, x2, y1, y2, ISO2, Name) VALUES (353, -180, 180, -90, 180, 'IE', 'Ireland');
INSERT INTO Country (CountryId, x1, x2, y1, y2, ISO2, Name) VALUES (354, -180, 180, -90, 180, 'IM', 'Isle of Man');
INSERT INTO Country (CountryId, x1, x2, y1, y2, ISO2, Name) VALUES (355, -180, 180, -90, 180, 'IL', 'Israel');
INSERT INTO Country (CountryId, x1, x2, y1, y2, ISO2, Name) VALUES (356, -180, 180, -90, 180, 'IT', 'Italy');
INSERT INTO Country (CountryId, x1, x2, y1, y2, ISO2, Name) VALUES (357, -180, 180, -90, 180, 'JM', 'Jamaica');
INSERT INTO Country (CountryId, x1, x2, y1, y2, ISO2, Name) VALUES (358, -180, 180, -90, 180, 'JP', 'Japan');
INSERT INTO Country (CountryId, x1, x2, y1, y2, ISO2, Name) VALUES (359, -180, 180, -90, 180, 'JE', 'Jersey');
INSERT INTO Country (CountryId, x1, x2, y1, y2, ISO2, Name) VALUES (360, -180, 180, -90, 180, 'JO', 'Jordan');
INSERT INTO Country (CountryId, x1, x2, y1, y2, ISO2, Name) VALUES (361, -180, 180, -90, 180, 'KZ', 'Kazakhstan');
INSERT INTO Country (CountryId, x1, x2, y1, y2, ISO2, Name) VALUES (362, -180, 180, -90, 180, 'KE', 'Kenya');
INSERT INTO Country (CountryId, x1, x2, y1, y2, ISO2, Name) VALUES (363, -180, 180, -90, 180, 'KI', 'Kiribati');
INSERT INTO Country (CountryId, x1, x2, y1, y2, ISO2, Name) VALUES (364, -180, 180, -90, 180, 'KP', 'Democratic People''s Republic of Korea');
INSERT INTO Country (CountryId, x1, x2, y1, y2, ISO2, Name) VALUES (365, -180, 180, -90, 180, 'KR', 'Republic of Korea');
INSERT INTO Country (CountryId, x1, x2, y1, y2, ISO2, Name) VALUES (366, -180, 180, -90, 180, 'KW', 'Kuwait');
INSERT INTO Country (CountryId, x1, x2, y1, y2, ISO2, Name) VALUES (367, -180, 180, -90, 180, 'KG', 'Kyrgyzstan');
INSERT INTO Country (CountryId, x1, x2, y1, y2, ISO2, Name) VALUES (368, -180, 180, -90, 180, 'LA', 'Laos');
INSERT INTO Country (CountryId, x1, x2, y1, y2, ISO2, Name) VALUES (369, -180, 180, -90, 180, 'LV', 'Latvia');
INSERT INTO Country (CountryId, x1, x2, y1, y2, ISO2, Name) VALUES (370, -180, 180, -90, 180, 'LB', 'Lebanon');
INSERT INTO Country (CountryId, x1, x2, y1, y2, ISO2, Name) VALUES (371, -180, 180, -90, 180, 'LS', 'Lesotho');
INSERT INTO Country (CountryId, x1, x2, y1, y2, ISO2, Name) VALUES (372, -180, 180, -90, 180, 'LR', 'Liberia');
INSERT INTO Country (CountryId, x1, x2, y1, y2, ISO2, Name) VALUES (373, -180, 180, -90, 180, 'LY', 'Libyan Arab Jamahiriya');
INSERT INTO Country (CountryId, x1, x2, y1, y2, ISO2, Name) VALUES (374, -180, 180, -90, 180, 'LI', 'Liechtenstein');
INSERT INTO Country (CountryId, x1, x2, y1, y2, ISO2, Name) VALUES (375, -180, 180, -90, 180, 'LT', 'Lithuania');
INSERT INTO Country (CountryId, x1, x2, y1, y2, ISO2, Name) VALUES (376, -180, 180, -90, 180, 'LU', 'Luxembourg');
INSERT INTO Country (CountryId, x1, x2, y1, y2, ISO2, Name) VALUES (377, -180, 180, -90, 180, 'MO', 'Macao');
INSERT INTO Country (CountryId, x1, x2, y1, y2, ISO2, Name) VALUES (378, -180, 180, -90, 180, 'MK', 'Macedonia, FYRO');
INSERT INTO Country (CountryId, x1, x2, y1, y2, ISO2, Name) VALUES (379, -180, 180, -90, 180, 'MG', 'Madagascar');
INSERT INTO Country (CountryId, x1, x2, y1, y2, ISO2, Name) VALUES (380, -180, 180, -90, 180, 'MW', 'Malawi');
INSERT INTO Country (CountryId, x1, x2, y1, y2, ISO2, Name) VALUES (381, -180, 180, -90, 180, 'MY', 'Malaysia');
INSERT INTO Country (CountryId, x1, x2, y1, y2, ISO2, Name) VALUES (382, -180, 180, -90, 180, 'MV', 'Maldives');
INSERT INTO Country (CountryId, x1, x2, y1, y2, ISO2, Name) VALUES (383, -180, 180, -90, 180, 'ML', 'Mali');
INSERT INTO Country (CountryId, x1, x2, y1, y2, ISO2, Name) VALUES (384, -180, 180, -90, 180, 'MT', 'Malta');
INSERT INTO Country (CountryId, x1, x2, y1, y2, ISO2, Name) VALUES (385, -180, 180, -90, 180, 'MH', 'Marshall Islands');
INSERT INTO Country (CountryId, x1, x2, y1, y2, ISO2, Name) VALUES (386, -180, 180, -90, 180, 'MQ', 'Martinique');
INSERT INTO Country (CountryId, x1, x2, y1, y2, ISO2, Name) VALUES (387, -180, 180, -90, 180, 'MR', 'Mauritania');
INSERT INTO Country (CountryId, x1, x2, y1, y2, ISO2, Name) VALUES (388, -180, 180, -90, 180, 'MU', 'Mauritius');
INSERT INTO Country (CountryId, x1, x2, y1, y2, ISO2, Name) VALUES (389, -180, 180, -90, 180, 'YT', 'Mayotte');
INSERT INTO Country (CountryId, x1, x2, y1, y2, ISO2, Name) VALUES (390, -180, 180, -90, 180, 'MX', 'Mexico');
INSERT INTO Country (CountryId, x1, x2, y1, y2, ISO2, Name) VALUES (391, -180, 180, -90, 180, 'FM', 'Micronesia');
INSERT INTO Country (CountryId, x1, x2, y1, y2, ISO2, Name) VALUES (392, -180, 180, -90, 180, 'MD', 'Moldova');
INSERT INTO Country (CountryId, x1, x2, y1, y2, ISO2, Name) VALUES (393, -180, 180, -90, 180, 'MC', 'Monaco');
INSERT INTO Country (CountryId, x1, x2, y1, y2, ISO2, Name) VALUES (394, -180, 180, -90, 180, 'M', 'Mongolia');
INSERT INTO Country (CountryId, x1, x2, y1, y2, ISO2, Name) VALUES (395, -180, 180, -90, 180, 'ME', 'Montenegro');
INSERT INTO Country (CountryId, x1, x2, y1, y2, ISO2, Name) VALUES (396, -180, 180, -90, 180, 'MS', 'Montserrat');
INSERT INTO Country (CountryId, x1, x2, y1, y2, ISO2, Name) VALUES (397, -180, 180, -90, 180, 'MA', 'Morocco');
INSERT INTO Country (CountryId, x1, x2, y1, y2, ISO2, Name) VALUES (398, -180, 180, -90, 180, 'MZ', 'Mozambique');
INSERT INTO Country (CountryId, x1, x2, y1, y2, ISO2, Name) VALUES (399, -180, 180, -90, 180, 'MM', 'Myanmar');
INSERT INTO Country (CountryId, x1, x2, y1, y2, ISO2, Name) VALUES (400, -180, 180, -90, 180, 'NA', 'Namibia');
INSERT INTO Country (CountryId, x1, x2, y1, y2, ISO2, Name) VALUES (401, -180, 180, -90, 180, 'NR', 'Nauru');
INSERT INTO Country (CountryId, x1, x2, y1, y2, ISO2, Name) VALUES (402, -180, 180, -90, 180, 'NP', 'Nepal');
INSERT INTO Country (CountryId, x1, x2, y1, y2, ISO2, Name) VALUES (403, -180, 180, -90, 180, 'NL', 'Netherlands');
INSERT INTO Country (CountryId, x1, x2, y1, y2, ISO2, Name) VALUES (404, -180, 180, -90, 180, 'A', 'Netherlands Antilles');
INSERT INTO Country (CountryId, x1, x2, y1, y2, ISO2, Name) VALUES (405, -180, 180, -90, 180, 'NC', 'New Caledonia');
INSERT INTO Country (CountryId, x1, x2, y1, y2, ISO2, Name) VALUES (406, -180, 180, -90, 180, 'NZ', 'New Zealand');
INSERT INTO Country (CountryId, x1, x2, y1, y2, ISO2, Name) VALUES (407, -180, 180, -90, 180, 'NI', 'Nicaragua');
INSERT INTO Country (CountryId, x1, x2, y1, y2, ISO2, Name) VALUES (408, -180, 180, -90, 180, 'NE', 'Niger');
INSERT INTO Country (CountryId, x1, x2, y1, y2, ISO2, Name) VALUES (409, -180, 180, -90, 180, 'NG', 'Nigeria');
INSERT INTO Country (CountryId, x1, x2, y1, y2, ISO2, Name) VALUES (410, -180, 180, -90, 180, 'NU', 'Niue');
INSERT INTO Country (CountryId, x1, x2, y1, y2, ISO2, Name) VALUES (411, -180, 180, -90, 180, 'NF', 'Norfolk Island');
INSERT INTO Country (CountryId, x1, x2, y1, y2, ISO2, Name) VALUES (412, -180, 180, -90, 180, 'MP', 'Northern Mariana Islands');
INSERT INTO Country (CountryId, x1, x2, y1, y2, ISO2, Name) VALUES (413, -180, 180, -90, 180, 'NO', 'Norway');
INSERT INTO Country (CountryId, x1, x2, y1, y2, ISO2, Name) VALUES (414, -180, 180, -90, 180, 'OM', 'Oman');
INSERT INTO Country (CountryId, x1, x2, y1, y2, ISO2, Name) VALUES (415, -180, 180, -90, 180, 'PK', 'Pakistan');
INSERT INTO Country (CountryId, x1, x2, y1, y2, ISO2, Name) VALUES (416, -180, 180, -90, 180, 'PW', 'Palau');
INSERT INTO Country (CountryId, x1, x2, y1, y2, ISO2, Name) VALUES (417, -180, 180, -90, 180, 'PS', 'Palestinian Territory, Occupied');
INSERT INTO Country (CountryId, x1, x2, y1, y2, ISO2, Name) VALUES (418, -180, 180, -90, 180, 'PA', 'Panama');
INSERT INTO Country (CountryId, x1, x2, y1, y2, ISO2, Name) VALUES (419, -180, 180, -90, 180, 'PG', 'Papua New Guinea');
INSERT INTO Country (CountryId, x1, x2, y1, y2, ISO2, Name) VALUES (420, -180, 180, -90, 180, 'PY', 'Paraguay');
INSERT INTO Country (CountryId, x1, x2, y1, y2, ISO2, Name) VALUES (421, -180, 180, -90, 180, 'PE', 'Peru');
INSERT INTO Country (CountryId, x1, x2, y1, y2, ISO2, Name) VALUES (422, -180, 180, -90, 180, 'PH', 'Philippines');
INSERT INTO Country (CountryId, x1, x2, y1, y2, ISO2, Name) VALUES (423, -180, 180, -90, 180, 'P', 'Pitcair');
INSERT INTO Country (CountryId, x1, x2, y1, y2, ISO2, Name) VALUES (424, -180, 180, -90, 180, 'PL', 'Poland');
INSERT INTO Country (CountryId, x1, x2, y1, y2, ISO2, Name) VALUES (425, -180, 180, -90, 180, 'PT', 'Portugal');
INSERT INTO Country (CountryId, x1, x2, y1, y2, ISO2, Name) VALUES (426, -180, 180, -90, 180, 'PR', 'Puerto Rico');
INSERT INTO Country (CountryId, x1, x2, y1, y2, ISO2, Name) VALUES (427, -180, 180, -90, 180, 'QA', 'Qatar');
INSERT INTO Country (CountryId, x1, x2, y1, y2, ISO2, Name) VALUES (428, -180, 180, -90, 180, 'RE', 'Réunion');
INSERT INTO Country (CountryId, x1, x2, y1, y2, ISO2, Name) VALUES (429, -180, 180, -90, 180, 'RO', 'Romania');
INSERT INTO Country (CountryId, x1, x2, y1, y2, ISO2, Name) VALUES (430, -180, 180, -90, 180, 'RU', 'Russian Federation');
INSERT INTO Country (CountryId, x1, x2, y1, y2, ISO2, Name) VALUES (431, -180, 180, -90, 180, 'RW', 'Rwanda');
INSERT INTO Country (CountryId, x1, x2, y1, y2, ISO2, Name) VALUES (432, -180, 180, -90, 180, 'BL', 'Saint Barthélemy');
INSERT INTO Country (CountryId, x1, x2, y1, y2, ISO2, Name) VALUES (433, -180, 180, -90, 180, 'SH', 'Saint Helena');
INSERT INTO Country (CountryId, x1, x2, y1, y2, ISO2, Name) VALUES (434, -180, 180, -90, 180, 'K', 'Saint Kitts And Nevis');
INSERT INTO Country (CountryId, x1, x2, y1, y2, ISO2, Name) VALUES (435, -180, 180, -90, 180, 'LC', 'Saint Lucia');
INSERT INTO Country (CountryId, x1, x2, y1, y2, ISO2, Name) VALUES (436, -180, 180, -90, 180, 'MF', 'Saint Martin');
INSERT INTO Country (CountryId, x1, x2, y1, y2, ISO2, Name) VALUES (437, -180, 180, -90, 180, 'PM', 'Saint Pierre And Miquelon');
INSERT INTO Country (CountryId, x1, x2, y1, y2, ISO2, Name) VALUES (438, -180, 180, -90, 180, 'VC', 'Saint Vincent And The Grenadines');
INSERT INTO Country (CountryId, x1, x2, y1, y2, ISO2, Name) VALUES (439, -180, 180, -90, 180, 'WS', 'Samoa');
INSERT INTO Country (CountryId, x1, x2, y1, y2, ISO2, Name) VALUES (440, -180, 180, -90, 180, 'SM', 'San Marino');
INSERT INTO Country (CountryId, x1, x2, y1, y2, ISO2, Name) VALUES (441, -180, 180, -90, 180, 'ST', 'Sao Tome And Principe');
INSERT INTO Country (CountryId, x1, x2, y1, y2, ISO2, Name) VALUES (442, -180, 180, -90, 180, 'SA', 'Saudi Arabia');
INSERT INTO Country (CountryId, x1, x2, y1, y2, ISO2, Name) VALUES (443, -180, 180, -90, 180, 'S', 'Senegal');
INSERT INTO Country (CountryId, x1, x2, y1, y2, ISO2, Name) VALUES (444, -180, 180, -90, 180, 'RS', 'Serbia');
INSERT INTO Country (CountryId, x1, x2, y1, y2, ISO2, Name) VALUES (445, -180, 180, -90, 180, 'SC', 'Seychelles');
INSERT INTO Country (CountryId, x1, x2, y1, y2, ISO2, Name) VALUES (446, -180, 180, -90, 180, 'SL', 'Sierra Leone');
INSERT INTO Country (CountryId, x1, x2, y1, y2, ISO2, Name) VALUES (447, -180, 180, -90, 180, 'SG', 'Singapore');
INSERT INTO Country (CountryId, x1, x2, y1, y2, ISO2, Name) VALUES (448, -180, 180, -90, 180, 'SK', 'Slovakia');
INSERT INTO Country (CountryId, x1, x2, y1, y2, ISO2, Name) VALUES (449, -180, 180, -90, 180, 'SI', 'Slovenia');
INSERT INTO Country (CountryId, x1, x2, y1, y2, ISO2, Name) VALUES (450, -180, 180, -90, 180, 'SB', 'Solomon Islands');
INSERT INTO Country (CountryId, x1, x2, y1, y2, ISO2, Name) VALUES (451, -180, 180, -90, 180, 'SO', 'Somalia');
INSERT INTO Country (CountryId, x1, x2, y1, y2, ISO2, Name) VALUES (452, -180, 180, -90, 180, 'ZA', 'South Africa');
INSERT INTO Country (CountryId, x1, x2, y1, y2, ISO2, Name) VALUES (453, -180, 180, -90, 180, 'GS', 'South Georgia And The South Sandwich Islands');
INSERT INTO Country (CountryId, x1, x2, y1, y2, ISO2, Name) VALUES (454, -180, 180, -90, 180, 'ES', 'Spain');
INSERT INTO Country (CountryId, x1, x2, y1, y2, ISO2, Name) VALUES (455, -180, 180, -90, 180, 'LK', 'Sri Lanka');
INSERT INTO Country (CountryId, x1, x2, y1, y2, ISO2, Name) VALUES (456, -180, 180, -90, 180, 'SD', 'Sudan');
INSERT INTO Country (CountryId, x1, x2, y1, y2, ISO2, Name) VALUES (457, -180, 180, -90, 180, 'SR', 'Suriname');
INSERT INTO Country (CountryId, x1, x2, y1, y2, ISO2, Name) VALUES (458, -180, 180, -90, 180, 'SJ', 'Svalbard And Jan Maye');
INSERT INTO Country (CountryId, x1, x2, y1, y2, ISO2, Name) VALUES (459, -180, 180, -90, 180, 'SZ', 'Swaziland');
INSERT INTO Country (CountryId, x1, x2, y1, y2, ISO2, Name) VALUES (460, -180, 180, -90, 180, 'SE', 'Sweden');
INSERT INTO Country (CountryId, x1, x2, y1, y2, ISO2, Name) VALUES (461, -180, 180, -90, 180, 'CH', 'Switzerland');
INSERT INTO Country (CountryId, x1, x2, y1, y2, ISO2, Name) VALUES (462, -180, 180, -90, 180, 'SY', 'Syrian Arab Republic');
INSERT INTO Country (CountryId, x1, x2, y1, y2, ISO2, Name) VALUES (463, -180, 180, -90, 180, 'TW', 'Taiwan, Province Of China');
INSERT INTO Country (CountryId, x1, x2, y1, y2, ISO2, Name) VALUES (464, -180, 180, -90, 180, 'TJ', 'Tajikistan');
INSERT INTO Country (CountryId, x1, x2, y1, y2, ISO2, Name) VALUES (465, -180, 180, -90, 180, 'TZ', 'Tanzania, United Republic Of');
INSERT INTO Country (CountryId, x1, x2, y1, y2, ISO2, Name) VALUES (466, -180, 180, -90, 180, 'TH', 'Thailand');
INSERT INTO Country (CountryId, x1, x2, y1, y2, ISO2, Name) VALUES (467, -180, 180, -90, 180, 'TL', 'Timor-Leste');
INSERT INTO Country (CountryId, x1, x2, y1, y2, ISO2, Name) VALUES (468, -180, 180, -90, 180, 'TG', 'Togo');
INSERT INTO Country (CountryId, x1, x2, y1, y2, ISO2, Name) VALUES (469, -180, 180, -90, 180, 'TK', 'Tokelau');
INSERT INTO Country (CountryId, x1, x2, y1, y2, ISO2, Name) VALUES (470, -180, 180, -90, 180, 'TO', 'Tonga');
INSERT INTO Country (CountryId, x1, x2, y1, y2, ISO2, Name) VALUES (471, -180, 180, -90, 180, 'TT', 'Trinidad And Tobago');
INSERT INTO Country (CountryId, x1, x2, y1, y2, ISO2, Name) VALUES (472, -180, 180, -90, 180, 'T', 'Tunisia');
INSERT INTO Country (CountryId, x1, x2, y1, y2, ISO2, Name) VALUES (473, -180, 180, -90, 180, 'TR', 'Turkey');
INSERT INTO Country (CountryId, x1, x2, y1, y2, ISO2, Name) VALUES (474, -180, 180, -90, 180, 'TM', 'Turkmenistan');
INSERT INTO Country (CountryId, x1, x2, y1, y2, ISO2, Name) VALUES (475, -180, 180, -90, 180, 'TC', 'Turks And Caicos Islands');
INSERT INTO Country (CountryId, x1, x2, y1, y2, ISO2, Name) VALUES (476, -180, 180, -90, 180, 'TV', 'Tuvalu');
INSERT INTO Country (CountryId, x1, x2, y1, y2, ISO2, Name) VALUES (477, -180, 180, -90, 180, 'UG', 'Uganda');
INSERT INTO Country (CountryId, x1, x2, y1, y2, ISO2, Name) VALUES (478, -180, 180, -90, 180, 'UA', 'Ukraine');
INSERT INTO Country (CountryId, x1, x2, y1, y2, ISO2, Name) VALUES (479, -180, 180, -90, 180, 'AE', 'United Arab Emirates');
INSERT INTO Country (CountryId, x1, x2, y1, y2, ISO2, Name) VALUES (480, -180, 180, -90, 180, 'GB', 'United Kingdom');
INSERT INTO Country (CountryId, x1, x2, y1, y2, ISO2, Name) VALUES (481, -180, 180, -90, 180, 'US', 'United States');
INSERT INTO Country (CountryId, x1, x2, y1, y2, ISO2, Name) VALUES (482, -180, 180, -90, 180, 'UM', 'United States Minor Outlying Islands');
INSERT INTO Country (CountryId, x1, x2, y1, y2, ISO2, Name) VALUES (483, -180, 180, -90, 180, 'UY', 'Uruguay');
INSERT INTO Country (CountryId, x1, x2, y1, y2, ISO2, Name) VALUES (484, -180, 180, -90, 180, 'UZ', 'Uzbekistan');
INSERT INTO Country (CountryId, x1, x2, y1, y2, ISO2, Name) VALUES (485, -180, 180, -90, 180, 'VU', 'Vanuatu');
INSERT INTO Country (CountryId, x1, x2, y1, y2, ISO2, Name) VALUES (486, -180, 180, -90, 180, 'VE', 'Venezuela, Bolivarian Republic Of');
INSERT INTO Country (CountryId, x1, x2, y1, y2, ISO2, Name) VALUES (487, -180, 180, -90, 180, 'V', 'Viet Nam');
INSERT INTO Country (CountryId, x1, x2, y1, y2, ISO2, Name) VALUES (488, -180, 180, -90, 180, 'VG', 'Virgin Islands, British');
INSERT INTO Country (CountryId, x1, x2, y1, y2, ISO2, Name) VALUES (489, -180, 180, -90, 180, 'VI', 'Virgin Islands, U.S.');
INSERT INTO Country (CountryId, x1, x2, y1, y2, ISO2, Name) VALUES (490, -180, 180, -90, 180, 'WF', 'Wallis And Futuna');
INSERT INTO Country (CountryId, x1, x2, y1, y2, ISO2, Name) VALUES (491, -180, 180, -90, 180, 'EH', 'Western Sahara');
INSERT INTO Country (CountryId, x1, x2, y1, y2, ISO2, Name) VALUES (492, -180, 180, -90, 180, 'YE', 'Yemen');
INSERT INTO Country (CountryId, x1, x2, y1, y2, ISO2, Name) VALUES (493, -180, 180, -90, 180, 'ZM', 'Zambia');
INSERT INTO Country (CountryId, x1, x2, y1, y2, ISO2, Name) VALUES (494, -180, 180, -90, 180, 'ZW', 'Zimbabwe');

INSERT INTO AdminLevel (AdminLevelId, AllowAdd, Name, CountryId, ParentId) VALUES (1, false, 'Province', 1, NULL);
INSERT INTO AdminLevel (AdminLevelId, AllowAdd, Name, CountryId, ParentId) VALUES (2, false, 'District', 1, 1);
INSERT INTO AdminLevel (AdminLevelId, AllowAdd, Name, CountryId, ParentId) VALUES (3, false, 'Territoire', 1, 2);
INSERT INTO AdminLevel (AdminLevelId, AllowAdd, Name, CountryId, ParentId) VALUES (4, false, 'Secteur', 1, 3);
INSERT INTO AdminLevel (AdminLevelId, AllowAdd, Name, CountryId, ParentId) VALUES (5, true, 'Groupement', 1, 4);
INSERT INTO AdminLevel (AdminLevelId, AllowAdd, Name, CountryId, ParentId) VALUES (7, false, 'Zone de Santé', 1, 1);
INSERT INTO AdminLevel (AdminLevelId, AllowAdd, Name, CountryId, ParentId) VALUES (8, true, 'Aire de Santé', 1, 7);
INSERT INTO AdminLevel (AdminLevelId, AllowAdd, Name, CountryId, ParentId) VALUES (9, false, 'Province', 322, NULL);
INSERT INTO AdminLevel (AdminLevelId, AllowAdd, Name, CountryId, ParentId) VALUES (10, false, 'District', 322, 9);
INSERT INTO AdminLevel (AdminLevelId, AllowAdd, Name, CountryId, ParentId) VALUES (11, false, 'Territoire', 322, 10);
INSERT INTO AdminLevel (AdminLevelId, AllowAdd, Name, CountryId, ParentId) VALUES (12, false, 'Secteur', 322, 11);
INSERT INTO AdminLevel (AdminLevelId, AllowAdd, Name, CountryId, ParentId) VALUES (13, true, 'Groupement', 322, 12);
INSERT INTO AdminLevel (AdminLevelId, AllowAdd, Name, CountryId, ParentId) VALUES (14, false, 'Zone de Santé', 322, 9);
INSERT INTO AdminLevel (AdminLevelId, AllowAdd, Name, CountryId, ParentId) VALUES (15, true, 'Aire de Santé', 322, 14);

INSERT INTO LocationType (LocationTypeId, Name, Reuse, BoundAdminLevelId, CountryId) VALUES (1, 'Localité', false, NULL, 1);
INSERT INTO LocationType (LocationTypeId, Name, Reuse, BoundAdminLevelId, CountryId) VALUES (2, 'Ecole Primaire', true, NULL, 1);
INSERT INTO LocationType (LocationTypeId, Name, Reuse, BoundAdminLevelId, CountryId) VALUES (3, 'Centre de Santé', true, NULL, 1);
INSERT INTO LocationType (LocationTypeId, Name, Reuse, BoundAdminLevelId, CountryId) VALUES (4, 'Aire de Santé', true, 8, 1);
INSERT INTO LocationType (LocationTypeId, Name, Reuse, BoundAdminLevelId, CountryId) VALUES (5, 'Territoire', true, 3, 1);
INSERT INTO LocationType (LocationTypeId, Name, Reuse, BoundAdminLevelId, CountryId) VALUES (6, 'Localité', true, NULL, 322);
INSERT INTO LocationType (LocationTypeId, Name, Reuse, BoundAdminLevelId, CountryId) VALUES (7, 'Ecole Primaire', true, NULL, 322);
INSERT INTO LocationType (LocationTypeId, Name, Reuse, BoundAdminLevelId, CountryId) VALUES (8, 'Centre de Santé', true, NULL, 322);
INSERT INTO LocationType (LocationTypeId, Name, Reuse, BoundAdminLevelId, CountryId) VALUES (9, 'Aire de Santé', true, 8, 322);
INSERT INTO LocationType (LocationTypeId, Name, Reuse, BoundAdminLevelId, CountryId) VALUES (10, 'Territoire', true, 3, 322);

COMMIT;
